nombre_usuario, contraseña, hash

Namevafbd,40b86019b923b5c230613b1a0a5fe92cf01793d06684ad1c99707725048b40dd,b'~\xa1\x8e\x10\x9bR\x97\xd1'
Namevdvsd,e9790aa2dae7a8ee6b6eb013c4a55ff129615269723167b86ffaf43ef280a394,b'\x82\xa1\xe9\x1d\\7q\xff'
Name,075c94d74834b6263a705a12872414eab5ca52a3004936d7feb6ddb577265ebc,b'\xa0|\x84\xa5\xc4\xbc\x05g'
Namejjj,f7071b0ba0da19c7f799500c40358c253150f7d5b5c5e63c6306e6968018951c,b'>\xa5\x90@\xca\x1c\xdc\xa9'
Namelll,568c813e1175bc506672c397a495153332aff9e8de093cfa141871d985b7be79,b'\xf8\xf2\xd5\xf6|E(\xce'
Namekkkk,16438fed60587d9498a04ce34b0ae6d664f4c378f96ed1a53008c1c024740bda,b'\xf1\xfc\x80m\xeaV3\xbc'
Namebsd,3df4838b8d04148c6df695acdb8a15a124f4d04d15a47504e701cfa93e5d41f6,b'*\x13#\xbeuC\x1fT'
Namedddsg,fdbe67a96cb574b9834cde1c404969fd93da11414dce6aed85eeb0378ff01496,b'\xfb6\xee\xba\x8f\x92\xa1\xa1'
Namejj,3319dc4350211144585ecef1be4c90cd1899a98fef16db15e164790f25850fc8,b'\xc1\x8b\x9f\x89P\xa7\x04\x10'
Namehhhh,1e398491ffe01da1a1b2de482ce020defe5258e9bdb7a1014fc1b1d5f5f99b79,b'%<\xbbu\xfa3\xedn'
Namellll,74cc9229acb6c7437e9453ca06e213b9766c82f671c8110b8c757f2fc2ef41c4,b'\x18\x88\xec\xea4,\x18g'
Namevvv,128ab0b90986a9324ab01590fb789ed8bd9d5a39952c1c497bceac88ad88133a,b'S\x92Fz\x1d\x06]\xf1'
Namelllk,43098317ec4ff987ec2ef69dfc1affc633c6a843f3d607eb23ac2a8ea3470ff5,b'y\xac\xcb\xb8\x96Mop'
Namekhjll,c34a1cf9dbd9d84f60cf09e9edba8331bfe31e9e320849c277f72de6ca10dffd,b"\xaf\xb6'!C\x14n\xde"
Namelllllll,7c2938ad9174948e43952127000fc44f0d66787edfda0767c087d64df35763ff,b'q\xe9\x91\xadb>\tZ'
Nameasaa,56365de2e793b6ae4df21dd2c5a6f9c5870c878a7c228eaedc7d966650259cdd,b'{8\xa9\x8a\xeb^\x1dD'
Namllllle,d26f9e984a1ba6e5d380f58256d21e8cfd50f5ad5f75443217e5907b24b17894,b'F\xa4\x1f\xaa\xe6ooz'
Namellllll,958f2ecb36bfaf95e2d3aac6d401a73a2c3952d1436b3d18f0a28c771583bf74,b'\x11\xe6k\x82\xe4\xf4\xfdi'
Nameññññ,d09eacab0f431a7bed1f70f1a7f24b6e5e80678480e6da1e61167ca05e4785ed,b'\x9c\x8b\x85\xf9\x9b\xe0\x80\x11'
Namefaafaefz,01e8084d87e501c758bfa59e4f907c8faf53b9166069cadedca7c442ae62edeb,b'm\x18\xf9UG\x0e\xdf\xec'
Namekkkkl,dca7b7c60997352d2f1052a7185e334a2eef6da4c2c5782bf545b132460edd79,b'\x9c%\xf6`T\xa3Y\xed'
Namellllllllll,c7795ae638292c01a925d8ad2cf3ecdfbd995d1318381ad00e856faed95cb347,b'\x8f^\xef\xdd\xa2q\xb5J'
Namedsvsvdvv,868ac5640829065ab82d470faf9b8e1a4cd176ccb44303b9ce97ffc3ac8dcf63,b'k\x12\x8ePJ\x05v\x8e'
22Name,58b727f3172d288a20e78bb71d7a6f2a77d6e0a585da927fed3ae40f4cb96d00,b'\xd5\ts\xd1\x18\xb2\xe9V'
Namellllllñ,85fb029c6ece684a9c77d74b859df53a3ee6a9d526c866a23cf4f6076959e878,b'T\xf9\xffT\x1e\xe9"-'
Namejjjjjjjjjjjj,0ac09270ea573feebe37bbc365bcb7b38c0ef87a5f1281ae7bcce83b900b6b0d,b'\xfc\x87\xb9\xfa2g\x95Z'
Namellllllll,347dde8f3c56409465dac596dccffa9100899c534184980c32be662aff51325a,b'\xda2\xbb\xabm\x1dd\xba'
Namedddd,25cf45502a32ae5ac3f1fddb38575a2f189a1344e038d94cc905ad1d767c604f,b'\xb7\xd4\xef `\xb8d\x1d'
01d161cca7ca292fd70a7c98a805a9d5b0c227f1cd60a,b'\xd4\x7fN\xfc0Ab\xc1'
NamefadxNamevafbdv,541fa7a5a42c46f6863e7b2fe273bdccfc715baa16c9c3972a3c1f4f1b891016,b'\xd8\x01\x95dJ\xba}M'
Namedfs gxbfvf,5b57ba23b679764f161356c3fce4eec949aa3c36b9f257361f1064771872b91e,b'\xb2\xb1t)\x8b\xd6\xef\x1d'
Namensbezfd,59489e5af2e7275d7aceaa53d3090b2b90d3c1d9c6ca36f3929b85b252b50190,b'~\x06z\xf6;:\xe1N'
Namedfghjk,f276409517fb18ded1fa8946b6a97bc13c93cdb42a4936ec34d6781ebcb0710e,b'0Dq\xdb\xb0\r5\x9a'
Namec     ddd  c,404445759778000d5938fa869671190e52b635ac3ffa114ab90686b5628d65c7,b'\xcc{\x94\xb5\x96\x89\x85S'
Namevgjhbkjn,614e027954d9257f4455b95226ff0d0afa4c69bb547f51ddf8421712bb89d153,b'\x9c\xed\x7f\x03\x8d\x90,\x13'
Namevafbdtdfghjh,ea0b5824dd02194c5a5c849d584b400c3c37e4ff1f74c6e1906ee34be99fd8da,b'\x85\x80?v\xfb\xf6wu'
Namedxgfchgvjb,e7a9e809e65882ccf63d899d5d07549d6aa87a73aa61e26762a13ebfbc45ef2c,b'\x0c=\xf3\n\xbd\x04\xb4\xfd'
Namehtadhhtdt,f226ea6283160e9f39726f104dfc3942f7cfc0fe682b9746f7df091ab98ad1e6,b'\x18\x94^\xa4\xcfl\xef\xfa'
Namefdbnzds,728d6fbdc3ea1fc58f1a949d2dbf240a290b61cdb33480a535d66ae6825cbc41,b'\xc2M\xf6\xddi\x04\xc2\xaa'
Namedntnzbdb,35c762baadf9251ccce91a8529db751801bfe5356205800ca1cd789b537e1e37,b'N\xf3`~\xe7\xc7\x9d\xfc'
Namegbzdsb,905061c2a406a0a232b179d41ee7753a02326ac8aa983146dbd4adeb248c74ed,b'\xf1}\xbd\xa2\xff\x8aW\x9a'
Namebsdzbzd,6a6e92a3961b68217cbe73aa16f98548b2d0552d1cfec8428c2f2666713cd32d,b'{\x95\x90\xc5\xec\xce\x89\x98'
Namevbfavdfz,57a2544a9d9ae7a39b6d0bf4b81adfa02aab9c2e0db4e7eecc1032e2fc77131b,b'n\xa7\xca1\x02\xe7\xb8\x02'
Namfvdbde,c69239661c938221acb0108e8455f2d8f2258807a59f4b35d255897cddcf80d5,b'\x0b9#\x96\xfd!\xd6y'
Namefsab<s,f53b8febc948b0c11aaacc3ac1d2fe029506848907743d4515d8527f250d0193,b'\x89\xd7K\xcfV\x0fq4'
Namevsbsb,2b4b4414605ec6c10e8e263242f07a748c2dd8ddde85253727e5cee0d62e0ed0,b'[bL\xef\xc2I\xabe'
Nameolkhff,8b95b63906bff79ac89fc4884c54667ab57dc78236b6aca6b2770b88ea03e498,b'y\x0f\xeam&\xcb\x17\xd3'
Nameqlqlqlqlqlq,4ed1a50a94f1baf52c1e4d0c1779874ec7a2bc8d81f224abd383450a05cbd954,b'\xc2\x1b\xfbH{iG\x17'
Namervrvdsfz,a7dd3e3840426a6a21e8ced19e5e85bcd1dcea95721079e97f119091cada2be7,b'\xbb\xf6\x10\xb1(\xf0\xec\x83'